"V1","V2"
0.888720964374527,-1.74407284556829
-1.53585679747207,-1.08768264279914
2.32954860157114,-1.15238315855407
3.15379355487888,-1.59815112992087
0.451108901066938,0.488555818949341
1.76232529426671,-0.78556878363426
0.577959944048,-0.245879353136543
-1.73665165811732,-1.61628984021443
-1.43943954348601,0.398508671221296
0.276308842180776,1.93244095526157
-1.07617072296059,-1.50044180905839
2.36692437388086,-1.56783774368171
-3.92601479974619,-0.340057375713677
1.05284237817675,-1.47153333824144
4.08090224707351,-0.694096494685544
4.64734278688652,-3.11806607321391
-0.911686675320828,-1.54185943329884
-1.86898589780883,-1.90731859307312
1.46520204171919,-1.08088961782403
-2.08065345895057,-2.17549934528769
1.16635845335776,-0.770056550274242
3.22206151845662,-1.07893566635444
0.334708144418245,0.0696322790075632
0.0889985601360477,-1.23790742518016
0.465228758849834,-0.794585557463305
0.765944552379672,1.73108582176168
0.090929409827484,1.9676844845278
1.40360805695958,-1.12413015737715
0.938985973186286,0.120077346533267
1.90272291574125,-1.64383830145902
6.577083831151,-3.4748592445833
1.71478629022001,-0.726644456230677
3.3525218479525,-0.779656706464049
-0.75298031292656,-1.70456259212195
1.2072250326627,0.618639585762546
-0.964298970652703,-1.16798987368462
1.49187273641017,-0.812713318022217
-0.77683770451961,-0.620324242030546
3.77915030813025,-1.1811028454074
-2.20474746586238,-1.67597722618275
-0.771505264703311,0.864984133487324
0.969291496386162,-0.698290154395795
1.378600835764,-1.05982946000224
-0.155310767812659,-1.27384658499736
0.98505220737581,-1.48044720673712
-0.983956836634043,-1.21360725899272
-0.176506363031566,2.25845050221685
0.269223152623753,-0.246655089941833
3.52497786943724,-0.929072543385051
4.31082401405475,-1.50279223462469
3.11774824293012,-1.32008949893669
0.388132645208181,-0.952064517426085
-2.11853741833475,0.1583854201852
-0.179444418708447,-1.41385704112605
1.0383697186683,-1.42867898031136
3.07630696719482,-1.89963468115178
-0.968956955279339,-0.8268118553694
-1.26199749725804,-2.16510644031421
0.1947165835765,-1.0647347203259
-4.77234326506022,1.56266293635844
2.34831295587098,-1.51724614953397
-1.38714789576627,-1.95660630185644
1.73029919262854,-0.538113998895849
-0.471616144466839,0.127765230287543
-1.44854160993638,-2.08279037477681
0.833292681766553,3.50494518664664
3.60003644961485,-0.629251487386822
2.71288330376253,-1.24101485919398
0.0682788301933722,-1.34160744153205
0.294285949810259,0.476442575795544
-1.13260651069774,-1.63797624142591
1.56581172033399,-1.28692784464163
-0.768829551467499,-1.02133025352931
0.348463019744965,-0.219357780981579
2.0360092028101,-0.938338393313677
-0.819943897672341,-1.42013529043696
-2.49065193404118,-0.883877601422486
-0.700818045541223,-0.758813351714141
-0.00699522977692918,0.00252143735913601
0.656501438069341,0.857289535942711
-1.02869544211292,-1.18838884566997
-1.27596986897891,0.69781294133959
1.29068363808113,-0.939320401623429
-1.28355052254753,-1.79205152875313
4.85578186661478,-2.03153990698353
-0.258665786446114,-0.760952054491259
-2.63960845423767,0.376060451019239
0.507752521668809,2.57575175265924
5.25244233656119,-1.79673990824515
-0.857528504930392,-1.21659458697443
-0.282764201216979,-0.523701264099347
1.5327008781539,-1.67698666345252
0.786870565202967,-0.389630855537969
6.00620620842267,-1.98082525256184
-0.0351397638704439,-1.67579104913408
-0.918749354424996,0.401032256899069
1.88349052781034,0.241491955539562
3.69200141805175,-1.42201781914946
-4.87361718188187,-2.14038571976949
0.780510954547881,-0.203793364430008
1.69439808373037,-0.658941855483646
-0.0991184432470065,0.171329023444589
0.960363774758577,-0.468367275749935
-2.43966553948342,-1.45265419008295
1.71166296333267,-0.379884644619515
0.169751392559982,-0.00439386630060459
-0.314985207472983,-1.55828026028067
-3.5214043050275,-0.540226608241164
0.205786685316502,-0.848106736698002
-1.2878581215932,-2.02220198121053
1.7675967548366,0.318324761476523
1.12550498552386,-0.803953561297543
-1.4209140928571,-0.72124100454845
2.03066353865444,0.496942996773379
-1.68297200797916,-0.577131759832788
0.55045173957404,2.43805666396959
1.37542967758184,-0.509601151412915
0.560252706332738,-0.627172560734001
1.73606286044091,-0.971781814967699
-0.211283545910087,-0.924643342449899
-2.39374558478982,-1.32901599112604
0.280554642356804,-0.50579880924697
-4.34938239129237,1.90033054890395
3.18051721219473,-1.35171364958134
-1.64864478712314,5.63923847939628
3.16934130257792,-0.552008061045675
0.0282269976643279,-0.837705620799109
0.920957752134261,-1.19530965845593
-0.298545548119855,0.0891632673883389
1.21090575301221,-0.100802759815121
-1.3628182700706,-2.05200703983826
4.41992614205668,-1.94305351380828
1.1664140167171,-0.411135286854505
-1.23621818113458,-1.49388147358717
0.350332570446807,-0.28453992806436
-1.2777519924126,-1.17113829758036
0.655928630296736,-0.0274462281655208
-0.0477038921964286,0.113175964331219
0.125800866263736,-2.47984376598613
0.0552396987542044,-1.21754199953795
0.550900897564512,3.62249480473927
-0.793874602278978,0.245951776140667
-1.14274725029703,0.0530203215758298
2.32447062122803,-1.43392691376406
-0.870333878551713,-1.33944050682638
-1.22646921020945,0.936810363755404
0.0311111005616331,-1.27306100511723
1.06461608255939,-1.2182845636954
-2.22475823825494,0.855056309443141
-0.525074154784421,-0.22593775382565
1.89496458229231,-0.907937002907951
5.64516117101289,-1.55533788572582
3.85538230418579,-1.20429732099253
2.2836121003308,-1.15623610717262
4.50022667861862,-1.61350676434545
-1.8095134676506,-1.80614184269634
-0.980318753708758,-1.11021835481311
-2.19999016199721,-1.2999349577846
1.75907095194205,-1.8808831271315
-0.274246057215853,-0.338824854641763
-0.617783945163664,-0.276975288791178
0.638665381445943,-1.80254103782338
-1.27589681915667,-1.80274455771493
4.44878830019656,-2.07156088801264
2.92463349094654,-1.73198035655277
-1.00364983009768,-1.3879966489376
-4.31927340108369,-1.69641668125623
0.77738659980416,-0.842754310122494
3.26015897881629,-1.10522910688348
-1.34219666648254,0.736102498552845
-0.270856877617341,-1.80621649258692
0.529056670061119,-0.191110154659792
-1.38511892028846,-1.04614631455129
4.63763121113405,-2.02698684938994
1.60904912687739,-1.83317152574664
2.60699155916676,-0.882565023130791
0.521070587484407,-0.321862485884313
6.69272033722426,-2.86051491986971
1.70178736538819,-0.785621200132722
-1.56833651903447,-0.750622883130002
-1.4805713726606,-2.17716557831229
-1.33746200156858,-0.699287950003249
2.90975780365453,0.136828066593516
4.24565815512184,-1.59327193469225
-2.25406905219416,0.0804734542478957
3.39045829813526,-0.249744803844455
-4.40274685001639,-2.68422198674379
0.711290420354281,2.58452228458868
0.443164842178235,2.36152289335813
2.19572831359375,-0.614479763261917
0.840999180859669,-1.12373578326255
1.64789313143481,-0.645801303358733
-0.0812984229426,-0.0755339360379756
-2.50312308682113,-1.82812573959197
0.85022013633125,-1.85152811196014
-0.690543936044142,-0.147650240932709
3.26811784430758,-0.501092750513153
2.54394687652759,-1.30171829641766
-2.06857449436861,-2.27624654973992
-0.0570996640616664,-0.457371820331286
-1.24660122844043,-1.88762634172832
4.05834331203164,-1.74384730352107
-0.375276617423363,-1.59713447725785
2.06118773035818,-0.28905863506808
-1.58180717491723,0.236964949460973
-0.365842736694732,-0.703245198829036
-0.168065483023009,-2.32769875171639
3.58894218776651,-1.58421238147959
-3.51744824558327,-2.37712568362054
3.30440134632459,-2.52787674610834
3.41780434099163,-1.91305914559427
4.73900096035811,-1.79935843665529
2.41205010408525,-0.135041432591667
0.429002737827169,2.52590911462483
-0.00362287138777384,-0.033980545501142
0.753421713644954,-1.7527325949596
2.56271569982892,-1.26330008304366
2.23925516438999,0.563745253054716
-2.29487418538704,-1.70578038087702
0.565136456166084,-0.182946527988163
-0.00249820820867033,-0.389442867879565
0.315038195508588,-0.42286503653404
-1.53779448793224,0.348119186503832
2.85554847478939,2.5147326838966
-0.472274899472309,-0.69750845441926
-1.97962830599145,-2.08809076235148
6.56419554171311,-3.72773543283895
0.6842036114104,0.36491230841204
0.564754501850287,-0.963790045304629
-0.386523582469085,-1.57251110684683
-1.46397226418908,0.99289493884006
2.45170009972211,0.45717545070023
-2.2048201403847,-0.832650773909154
1.12126946281841,-0.177588834838318
-1.09324485121134,-1.45939401785745
-1.07117134324905,0.9469706317071
1.35915284337821,0.91184727400046
2.20989628414904,-0.904796554846662
3.58321961123058,-1.17715643879805
1.82158482265585,-0.121857419421817
1.54300638907617,-0.928968769670222
1.18687860690659,0.611061986055778
0.91904530352372,-1.71227248607554
0.435462971449939,-1.62262132003137
-0.212683021117835,0.672481618877204
-1.98445094280404,-0.987387376786801
4.65946966807025,-2.42125893683838
-1.13942106029427,-2.10790765602143
-0.0433210330279291,0.15326805711434
0.618476585078561,-0.649360074101953
-0.674546660497895,0.0476277575436888
1.32600521827368,0.184276265685847
1.9662545749492,-0.375901751757174
-0.609184347983184,-1.95783986583226
1.59351983117519,-2.64417243148694
6.02412638761536,-2.65365456665642
5.04180039522834,-2.25164035218959
0.69173943368963,-1.76943154321042
5.26097208823287,-2.39777725308269
-2.65292224621655,-1.11809745802471
0.719669673684733,1.54461143444118
-0.399388711723489,-0.874486609611253
0.441335407110743,-1.32707668162015
-1.54302930183801,-1.67498038709597
2.21089162233877,-0.344453174854876
0.554020975372425,-0.230434136905884
-0.355518219652018,0.335680266822272
1.99792958065924,-0.595804769185141
-1.54169120581454,-0.945130672135979
-1.99719788557366,0.27825316413214
-0.142822887782235,-0.407822593084744
0.342609991545153,-0.252899305475927
1.42250754279594,0.333639693030815
-2.7049735272717,-1.56554928686902
-4.87637831658707,-0.604683996202355
-0.277376336533196,-0.999283253822892
0.528101955009716,-0.583107745498305
-1.12261572779934,-1.66260696351978
-4.46991013186883,-1.84408473521561
1.52186004467815,-0.945933777037314
-1.66102140082706,-0.73636991062555
-1.2356118050827,-0.663109017099015
1.87583196616273,0.483405907489294
2.62090615079985,-0.760946947893209
3.18614826518947,-0.86147292801745
2.0020144003468,-0.139441070872272
0.968415366238686,-0.492023660535739
6.16984643121254,-2.80258710266248
0.171814793776972,-1.36110368841857
0.167082599041463,0.072224432721855
0.0484988473288976,-0.869538633237597
1.60255416833087,-0.722779288933501
-2.59181210272303,0.863411471019284
4.69463527429355,-1.62750367397898
-2.0315296263011,-1.13461663323485
2.23599748793695,-2.61861512003051
-0.626513073157565,-0.693270121139278
3.97437799050535,-0.957669792795636
0.961823022275677,-0.464347564833889
4.54032371798463,-1.24324808167367
-1.21604392599546,-0.918771820123
-0.403919724871697,-0.625836373093083
5.8338219856881,-3.34635467968679
-0.891378743172166,-0.094448203740657
-0.969165693442456,1.66613339305333
3.75654002216804,-1.42628943895592
0.519259937876584,-1.03184287094431
1.72253967183914,-0.772816608423621
0.15555500062553,-1.76681905753613
5.79295885752281,-2.84913391025295
2.31296163955454,-0.52205010309821
3.80772409635639,-1.57036537104762
0.944901787892097,2.6930111179187
0.920950303555679,-0.849129546128254
5.65951714021437,-3.04361636363952
2.82236722415807,0.246420503052917
-1.19968640670851,3.88869644029578
-0.546509077198506,1.66133798350625
-0.218027798465034,-0.017188663932261
-0.83322777848846,-0.241182526877099
0.682049567435335,-1.15535804952719
-1.17922604481577,-2.10761420132723
0.623947730197594,-0.494461993177094
0.474442194066214,-0.231429685196581
1.75986997905479,-0.689348519255989
-0.831819571897094,-1.10897425386661
-0.0250812693075315,-1.10344343999267
3.27730405720349,-0.850704703468616
0.843498318586885,-0.858365262248708
5.84156589002668,-2.05111832687678
-0.278649968292841,-1.25975390777026
-0.278202998061509,0.531584447177285
0.736784080709803,-0.0629388390302784
-0.924789390282135,-0.679603683470969
2.69288958947849,-0.257253123849621
3.40053565703516,-2.04191542785837
0.267714207287271,1.55556187620772
-3.24319782549464,1.24710855690342
5.69920720889103,-2.51280233472656
0.401272336874493,-0.394494539043837
-1.42546290046431,0.465896935494874
2.42090374128245,-1.35363336144668
0.675298553855038,0.722878609719683
1.17564920043342,-1.19114556186525
3.10105409217662,0.106077468381015
-1.80286095710022,-1.06120432914501
-0.254804998189675,-1.6789552794206
-0.590308615926226,0.246245533933494
0.217126655069626,6.85483483597851
1.39764832627686,-0.147136698704535
1.69960611828237,-0.113522604430019
-0.908188449152458,0.172480522784896
-3.08073585521171,-3.23440155695443
-4.16087596484907,-0.0113836265048368
1.6801116957291,4.99613970124717
-2.33562087187259,-0.287180392827138
-1.17438192964456,-1.37695120802887
0.69367756043773,-2.07228348874706
-0.253025680730733,-1.26316793334923
2.36698995650332,-0.754322428521483
-6.57758422801367,1.85552468950926
-2.6194460045,0.00752365525312917
-1.38298997413086,-2.14447587810123
0.329883526270952,-0.377678704259892
-1.07355228912007,-1.48937648639976
-0.273284381699127,-2.5406247865961
4.45059826438766,-1.84875891708009
1.56942496250636,-1.23179497229853
6.66986703384652,-2.977992819343
1.95728985827484,0.924915848394879
-0.606586908422384,-0.349704485445223
1.99626908276681,-1.21583068171838
-0.561203082641483,-1.29275765492315
-2.20471078858764,-1.18663460929573
-0.765603001400699,-1.33899391723218
1.02746855135973,0.072323182315049
-0.116267180320202,-2.88601166867708
3.47628195187606,-0.528382106303955
2.09938625696521,-0.486706249969049
-0.252781953084424,-1.27774054527636
1.09263994853502,-0.14770473603551
-1.87830839382823,2.1192255741493
0.765430376677561,-2.40478056526945
-3.44640437086194,-2.36421969045897
-0.49528331068855,-0.677730984859326
0.507799728943788,3.0757373346671
-2.01395226889194,-1.35204743527372
0.533127623142725,-0.539302865586468
-1.72632583081775,-1.03677866463409
0.383782915054823,-1.1270804895812
1.12970205668439,-1.07417376395369
-1.06912794352332,2.26788643068345
0.177807068741931,-0.242527944038769
-1.29792111665462,-2.04164551183673
-0.216301685227225,-1.75785204705436
0.736494362389289,-0.170847389820553
-1.79639699309883,-0.0730379931552474
1.57037713997824,-0.510495328173148
-1.58428920610083,-1.83763231838257
0.35622951974115,0.0170418515987573
-0.0736461390444389,-1.46294539757369
-2.89556714292672,0.136456717637092
4.98498216965606,-2.37749066153456
0.817435863354701,2.64170732918971
-0.496865383569915,-1.74733316710544
5.54554654621164,-2.99683479301623
-0.668151252884684,-0.088866729381724
0.473890018690209,-1.07763214635378
2.22440570284392,-0.700150367226624
-2.22929721979132,0.871600837178767
0.929835513424399,-0.456075729724856
3.21192566328143,-2.60358804752805
1.30263840881447,-0.532726939110183
3.18759978399494,-0.506002290879333
0.55642744093442,-0.00464132055483835
-0.803081907823513,-1.06302088307042
-0.843600460366254,1.19008808192653
0.552650206110611,-1.4857884695419
-0.775145557197875,-0.24621544212092
-0.037045219863327,-2.31661345292902
-1.63996142243371,-2.48683775253263
1.71489990272461,0.530930309659442
-1.82851765414114,-1.80918239995398
1.49865511132898,-0.181976799843891
0.118555197281125,-0.994217661247316
3.26497338225594,-2.9224399851625
-1.15561766107757,-0.241512541050879
-1.26221586290675,0.669149589976473
0.51482496577998,-2.43760798752632
-0.0461025070184839,0.309757052410199
-0.356583830204969,-0.995051261605214
0.139284667619721,-0.0577380301287407
2.1320948208609,-0.447565838476933
2.4994548801857,0.197229143276364
0.803393164628828,-0.0411045195902388
-3.01002451925234,-2.18591013499746
1.1097614840262,-0.219040701604843
-0.843872148512028,-0.116625054056418
0.424924228039302,2.70466134243217
-2.0729598553512,-1.20088810989338
1.83576754736253,1.32443788084293
0.40373537096569,-0.146539368630028
-0.875820841356597,-0.572884801031
0.223407887783384,-0.872937932933918
1.33916463925923,-0.597363922387754
2.57079973811531,-0.960572628805624
-2.10735108378519,-0.580713982436823
4.24252899747886,-1.71625140137877
0.921515666679727,-0.789569506599636
0.572330846121428,-0.819880128489548
5.37660133851101,-1.98949302321121
1.09241481192472,3.83061944047119
1.67453129378598,-1.31268581326159
0.377821721682884,0.946138592005211
-0.948562665987395,-0.584750762269895
0.256633358535253,-1.10542840614572
1.80638612724587,0.00798679792541945
0.381528927257687,-0.414699613559961
3.89082604409787,-1.66488383463009
0.915930937839817,-1.10242469689976
-0.0173647438829571,3.09313988418038
-0.597448397576207,-0.312707757837235
0.932300260602944,-1.22862899962575
2.55541368647609,-0.315170099666184
1.01563197366801,-0.298103062012769
0.218503612777451,-1.21374602711663
-0.68327617227199,-0.273882134684709
-0.39058301147825,-0.714515384955165
0.356740507076633,-0.868180781386111
-1.14593853354741,0.478905564871859
3.86910645839874,-1.85173449286952
-1.73153256885908,-2.26224369457605
-0.986954431624725,-1.78466331109831
0.607659455011063,-1.99039638323288
-0.87742048832356,3.75231465037115
-1.06714815162788,-0.957570319665036
-1.38911232260656,-1.74161016617363
0.764550720192621,3.27826469752575
-0.103991415295535,-0.512905669639267
-0.179632883639852,-1.36166498967269
3.81757641347631,-1.94216962027319
-0.762068690097499,-1.50063158361965
4.47099499048241,-1.83090796245665
-0.222495424361848,0.817412824639152
-1.20533621283596,-1.69194859914936
1.66901345499125,-0.974999009897932
1.08637387203043,-0.625032469575515
-1.42923505940881,-1.88935951445192
1.09314136585411,-0.662188770587035
0.96800028466981,-0.723059996569514
2.56454734857279,-0.32916401174649
1.94833864262517,1.53185978151119
0.972545358870194,-0.136228958618939
-0.534833785760847,0.228295704925806
-0.872667920627114,-0.521007840778948
1.2912743244227,-1.10020257188365
-3.64966219104562,-0.640088398652372
-0.57081220420796,-2.23709075935162
0.683376149256125,2.71870843687797
0.00136187709479046,-2.22990865836726
0.506103531257948,-1.40125315227498
0.241447257670269,-1.78334287255309
2.31977682720357,-0.104555491111059
0.350443333335344,-0.544024348288648
0.878069950376838,-1.10361643741696
1.56270918928173,0.118809184025433
1.956227543265,-1.20878987961947
-2.6279029061403,0.181826128000257
2.33766541134248,0.929455580269593
-0.122100875388869,-1.39208406232507
-0.161713084538457,0.832632058173111
2.36131436723941,-1.61136395461698
2.02239515557351,0.737999934959455
0.257285217922574,0.455601480235686
2.98554218483351,-0.383458298910244
0.743591239586939,-0.132566576447172
-2.9331070072869,-2.26838511385842
1.20698669227313,-1.61871783941714
-1.22155185989728,-1.69119793274184
-0.530747201754761,0.914108322476893
-3.15634800817784,-0.969882255201524
1.90405635577514,-0.155363617311066
-0.408307411047756,-1.25556107304082
2.99497961048862,-1.59237168517278
0.911674852934006,-1.28833890085382
-0.7248617954976,-0.74250309457921
-1.23861837642625,-1.6963947648977
-0.651638637796698,-0.866593020652969
2.13843037277774,0.16930478404852
-1.62423780778305,-1.20112729213857
4.0379668717299,-1.62453349427212
2.82984910390761,-1.30095866429457
0.776918772268029,-0.067992909238263
0.093235518534133,-1.21142849312322
3.4537503397312,-1.39454200564952
0.828982152039942,-0.576902386801972
-0.170857577879646,-1.85983310328214
-0.702231531964661,-2.38193637409158
3.85937297289794,0.74493330127455
-0.992007008277806,-1.24683476641009
0.915418185872766,-0.207660780454841
-1.33979060831825,-2.12634694810596
3.48992358745008,-1.80150758484972
-1.19214646198912,-1.34252169242898
0.238038470938349,2.56770063334221
3.9918781819476,-1.94308876679602
0.539325448585844,3.43203505618075
7.17915810153917,-3.06963621071778
2.2608934088526,-0.671079254317993
0.678267138827065,-1.35240787138342
-1.45588659909318,1.06952554668107
1.7434376814265,0.00651294166596739
1.39437976866099,-0.924337501254049
0.573128075995116,-0.368438591386911
1.78955878160134,-0.0576714551364683
-2.13143740160335,-2.29974710842595
-0.463499278332262,-0.627812417338954
0.686113287345315,-1.68143976899288
0.664871841605014,-0.0335055830764218
2.79370594360049,-1.17288608710139
-0.131451391223586,-0.151631949109842
0.19697105630178,-1.047894604446
0.733600802755112,-0.55727534407491
-1.33039279148424,-1.93908213838628
-2.44785068417422,-2.25719041235219
0.31050839706912,0.145909948077183
-0.718480743236269,-1.68517645277245
1.17377901731653,0.245620628121373
-0.0314595495325544,-1.69099082335312
0.489084224624835,-0.961882545566901
-0.618477914215056,-0.397498699396616
5.89142926734721,-2.16987160873019
0.41379790979316,0.0589657911798199
-0.0518201502069893,0.561344283273887
1.57390931906475,0.888559983937134
-0.877834439620863,-0.0773356046376086
-0.644881919690439,-0.762278403586481
-1.09416711058964,-0.697226132538591
4.48656239807453,-2.50098432208966
-4.55006881188362,1.52514669415376
-1.31790849605707,-0.604293697237197
2.3106164823125,-2.1004864146028
2.01456147380581,-1.51912192304615
-1.29321015442443,-1.26279733635631
-4.01046919620384,-1.83613597343267
-1.13660937779405,-1.49569620317059
1.79234573787321,-0.674911496901685
-1.63710500596748,-0.253147676495892
-0.668850649621459,-1.34194981465242
1.21566843574903,3.17840612896483
0.541504105718038,-1.25272343152795
-2.5595777513092,1.33754290344324
1.61259297984815,0.433388385813812
0.832025807355941,-0.690088441429377
-0.856444681586354,-1.20381883387785
1.02923146472054,0.112268475855072
-0.9697379440131,-1.81002436572387
1.09622178051656,-0.323979022857062
-0.45121106030868,0.168557991489269
-1.33410974037663,-2.02356796399461
-3.3822833912445,-2.04126406042903
0.649140501499917,2.65108167969092
2.72061810184088,-2.568280288928
1.88478502152286,-2.04137805872465
-1.00550655333874,6.1452593199645
1.23154289977107,-0.931674406056578
-0.926423229380739,-1.31240533422839
1.39970363449755,-0.94289488041332
-1.06964371383856,2.08226789200065
1.15198732355758,1.36637732076942
0.812841536460205,-0.00992423834816236
-2.62488220271329,-1.73145613675963
1.29450080974829,-0.409885180616158
-0.0697137030486763,-0.80002651212056
-2.69177085727811,-0.0333845101811108
7.42900848566522,-2.70532202114472
4.11558165370101,-1.44465279734935
0.625441766254356,-0.947029418715333
-1.33539448686282,-1.78424631126776
-1.44708902585892,-0.159130690339653
0.291043708407578,0.392723235465038
-0.455112287733603,-0.401561764981278
0.152879729617176,4.29958022585542
-0.45491889896852,0.703600208657792
0.678021232712284,-0.0652827591455056
-1.14903289134634,-2.10978047680098
0.371417307833988,-1.63968293923358
2.38176251055542,-0.444139574972963
-2.03753923086327,-1.52647640951303
-0.963829241907598,2.45871119919123
-4.99615281361256,1.86874282939054
0.801281769918832,2.77873314362602
-0.665256880629715,-2.33613709256816
0.203276030430658,-0.631550109493239
0.706988215529408,-2.11694192003716
2.28486797364223,-0.251090004867745
-0.752603174617005,0.132409657855861
-2.08927923134057,-1.7726699071399
1.47770880174792,-0.662911124418742
0.210282288739123,0.223509565825652
-1.09036364635769,-0.162166370815927
-2.37087193588578,-1.49111643870177
1.7365679298079,-0.435886097267033
-0.0712432640224851,-1.76339356116838
0.607258194039801,-1.23895215884156
4.9155510973369,-1.93211136650412
1.93414201858509,-0.314107805246081
0.116167621044637,-1.07890601501711
1.22368857715033,-1.08022725407402
0.830714739769289,-1.03375428628905
-1.21484775464758,-1.54757048871704
-1.04148078137496,2.16069497146575
-1.07997829717563,-1.07098720894244
-0.594936775764927,-0.683750965536005
3.18726984786896,-2.26667384019736
-1.3369830611858,0.151172159220042
1.5168148779506,2.39621449953009
0.45170457173103,2.50527218628563
0.733395387818713,-1.20728851622034
-1.65147727588457,-2.28478038634848
0.848061534397569,-1.76476840932821
2.21421957763993,-0.75228385833003
2.70534242373351,-1.07304372087311
-3.80120590874112,2.05299201721016
-1.62452898505592,-2.55095934136595
-0.837475125065011,-1.24812687956385
6.67186293238346,-3.37734231555501
0.765478608697127,-1.40627408871253
5.46256275467459,-2.31940416604324
-1.16599056871487,-1.65881896517294
0.41349835981298,-0.256692876069932
0.622917975290559,-0.410873841586597
2.90537836272403,-0.183692350199292
-0.334418931090916,-0.272459953301662
5.56370018545711,-1.80224904892923
-3.60597076806555,-1.9250850252417
5.79655942016479,-1.6781182835375
-1.16047235803894,-0.977773570308353
0.287736270194357,-1.21662083973659
-1.56207900850798,-2.39224720684002
0.00787504249289245,-0.779977851805111
0.356162187397754,-0.0906572504769977
2.75844571506414,-1.79403713929669
-1.70082219684246,-0.238159499644258
0.079573122329626,-0.365432324923625
-0.645650786569096,-0.313950999112105
0.340734511268887,-1.08742833499074
-0.911942600677381,0.627620562639454
0.242369245707,-1.81905216086329
-0.890550791302926,-1.05133168236751
1.22704481375251,-0.468479556904729
-0.430171169115282,-1.39158243910123
-0.450985965723882,-0.509676599585116
2.60575483029466,-2.33221478625404
-0.88199871927676,-1.15621186125347
-2.5588926079991,-0.308208328146512
-0.593378480313738,-0.638165961840811
3.72437208857138,-1.65325496367126
7.47409120507576,-2.58305884717863
-1.32818590575691,-1.84377065409347
-1.08972845902335,-0.722694429585689
-2.51792252853233,-1.605160786089
0.302004819074669,-0.861422994138285
-1.07921972911673,-1.4563623059473
10.5245947013171,-4.3424493239285
0.327354416309831,2.19806246880375
-1.04176459714944,-1.48669891452517
0.655491224022876,0.654582867986138
1.46805274601009,-0.654296108356072
0.32975605733364,-0.853024188940161
-0.712164253548218,-0.996874273151994
-0.164015160882983,-0.757794424560706
-0.662094863301428,-1.34139467759933
2.53820465357126,0.248899418772721
0.0339979756874776,-0.51622181432488
2.64332316225704,-0.230137836394628
-1.49259696067786,-2.15901445427792
-0.728726051678178,-0.332990318821458
2.19520695015566,-0.950988000611017
-3.06257154602318,-1.62952487935796
0.36076632661288,-0.628031334360212
-1.85101894313374,2.87581849655205
-2.34530080281581,0.613895963824255
-0.620699919239873,-2.50397427141338
1.68668191678462,-0.538981628438536
0.465027984621294,-0.82750185063726
0.280313742996928,2.31242831046869
1.66026474308184,-0.30323435068323
0.67085110150885,-1.89668681426644
-0.543974865841555,-0.250505879393923
-2.99861058121008,-1.32451623236371
-0.149216874540721,-1.46812656840438
1.70124525001201,-0.827322862960763
-0.266838807776632,1.53905408610455
4.86589022787294,-1.92474943353657
1.25546630607754,-0.733195420272288
3.61328753738712,-2.72262868455207
0.0530541193506845,2.95355662944449
3.47471948200231,0.563543626073292
1.49192639328341,0.133443690504908
1.35010208565095,-0.400828839948884
2.82924439929846,-1.61795336023873
-0.878472170573548,-1.74352839693629
2.40240239782459,-0.878344043171863
0.984293622179881,1.91516608592146
1.69289721209943,0.0510676235096129
4.06524580169407,-1.62792352428526
-1.05792079908652,-1.48396251160311
0.633774762456118,-0.202600927272565
-1.30912390167546,0.172031444920347
-2.83222598516716,1.44169378757511
-2.9409098718723,-2.64795652586671
0.635859831767429,0.387858279587633
0.55817314180453,-0.0631392294376769
2.71972240292281,0.32179274603964
1.73347790971641,-0.849902106729993
-2.1532399077247,-1.5939057018604
-0.829274156425453,0.35536304522002
3.89650908565865,-1.77064624698673
0.810652629576368,-0.629815172382109
2.74117084295588,-0.763164346818835
1.3373691158654,-0.865871282282582
1.87105217651,-1.31752269586255
0.338582624005849,-2.45925830195534
2.31478741248801,-0.0423360345085033
-0.928323689112243,-1.27745479935421
-0.956817511864796,-1.34230031724501
1.81340121456983,-0.439769391178033
5.47339684201717,-2.97501987735274
1.48930550515931,-0.843759428373935
4.97042957405201,-2.83448031371802
-1.30805696113968,-1.48171645276578
0.61461401447632,1.27243527841785
-0.039439077221231,2.39399442022225
0.433651064264462,-0.734268229262408
-0.804903333554842,-0.785963648396721
-1.4691878749883,0.873380872219046
0.733156214908073,-0.00159632084606842
4.68936043047411,-2.12215021418897
4.35382629398819,-3.01738546593353
0.529726626275937,-0.454138543474096
-1.97195230858814,-1.67112863128609
0.514636405201153,-1.22847203026192
-3.75966540211211,-2.26861051432478
-0.29930369797555,0.898546809415298
-0.208323997138582,-1.60475857853573
1.21330967658664,-1.02202213627302
1.13415693466021,3.06815933310079
-1.47288819600668,3.44624363493168
-1.22963781091419,-2.08215919145403
0.369214767100063,-0.58424414226895
0.556183473113949,-0.733472725972542
-0.137595765983706,-2.26664770604643
-0.278763069571574,-1.90369908074999
2.99160398939383,-2.31168095101927
-1.17927532213088,-1.68687561880856
1.03377969634118,-0.911654456450363
-0.188050700661696,-0.73408103739859
1.2182962930911,-1.97772603142915
0.60508699035229,-0.652104363603743
-0.205446255280118,-2.01110660492926
-0.755286022843635,-0.380467499876748
0.0589765458747182,-0.89050928388328
-0.954959683246148,0.906573876077829
2.33577871847834,-1.7847603475601
-1.19451282662782,-0.454854701445221
1.36663305628276,-0.343394270501651
1.02128917304954,-1.3642943342889
-1.7682591191443,-2.3566766614024
0.326498926751769,-0.730169022320551
3.84011763450316,-1.9164340889649
0.298076708798473,0.923195023244224
-0.465743255332767,3.15947542923191
0.533971678352333,2.34585042109227
0.557861634260045,-1.65242738627892
4.93011386506298,-2.96844130553304
-0.979895960074753,-0.850977476577833
-1.54230769153896,-1.36391536995108
2.56782757568771,-1.20354098097722
-0.490853919646626,-2.22675741075884
-1.31511433625859,-2.01800767688044
0.158528154242141,-2.0274266534832
-0.524394139263959,-1.03676391429134
1.01208526485575,-0.0350515742492807
-1.46589500199797,0.758079165117326
1.74745043331045,-1.2393573353416
-1.27419056700043,-1.72613654025142
2.43051067879943,-1.81613806245696
0.73431293821836,0.134643084429157
-1.18545581608812,-1.69195679921411
-1.62675102926557,-0.919861727936571
2.01767422745657,1.66601477673001
2.25050445441078,-1.90159213730861
5.21823247457385,-2.16270870388873
1.55641526947019,-0.833520668621345
3.96556452067677,-4.01363687771971
-1.02534952457976,-1.51158972111799
4.33598453401811,-1.3114865941932
0.0778206738786699,-0.529647145660979
-1.5371390101044,-2.27634505509747
-0.548822320151905,-2.17281337267447
1.00863661816822,-1.99583389125673
2.43887554415242,-1.69747332581786
-2.38099242042944,-1.2255107326176
1.27797156854047,-1.76857654785657
0.915630110268057,-2.31187714725117
-0.637502097675822,1.54440907407516
1.59967364555618,-0.897681035189568
-1.35791876665768,-0.417192086188211
0.419086361139551,-0.675704540545429
2.58344680952702,-1.42838844907383
7.82340497114494,-3.74064327600813
1.33415725675272,2.23867654469516
-0.245766715565482,-1.31765588544914
0.213941424335561,-0.714771019479629
2.41482378774847,-0.869701160258894
1.66907264642345,-1.50255296062121
-0.308176865541264,-0.123599931008359
0.630708099978807,0.275637693820104
-0.146039640239754,-2.3789128012109
0.891431003118193,-0.466783688088704
1.33712754779604,-0.207546239004562
1.56671050308649,-0.84885865652516
0.629010496405697,2.51005741375744
0.83368088600761,3.50446691091024
0.00195783372076916,-1.02505228597121
1.04330228909739,-0.817119507291253
-0.0788816869668104,2.27038233188883
0.626406831251383,-1.44629933413721
-0.221280911934632,-0.893872905219665
-1.2088994481658,-1.8494026289051
0.358788761123133,-0.857057326149678
-0.395318149601326,-3.13992682730703
-0.983354536237662,-0.859355783628104
3.62925454606128,-1.5859494190665
-0.671391500697999,-1.81717405314222
-1.14698760450337,-0.743369407301829
-1.98983847713953,-1.43915537027459
-0.0336617957824529,1.58896083557286
2.27220595097297,1.00234581472722
3.82336139868853,-1.17973027514714
-0.904841505049059,-1.2147000620086
1.82690924598013,-0.995379626058689
1.73864449742997,-0.0680343855924631
2.29740512936054,-1.83173052290765
1.79360059280444,-0.944620479580254
0.772671416344263,-0.880184893076147
0.616315677185254,3.28707825256699
0.876532483826567,-1.28364637656771
0.852122689926785,2.71860324935476
-1.02956950390202,-1.71209824279949
0.334030085505665,-1.18958966959591
0.763401262170388,-0.959372950771342
-1.30552938907589,-2.00349479387959
0.897294835549398,3.96958047050135
4.04740676191498,-1.88378502774492
1.35529014068212,-1.95956935568136
2.58770061240725,-2.28663544891154
-3.02139012873702,1.72863106548749
1.85858134563347,-0.364155038118614
-0.972510279334358,-1.14764745136935
4.17757495945434,-2.58760908180521
2.41821532066099,-0.523185061616998
1.58286318890677,-0.153214279872327
1.6065538140433,1.57694896441317
1.0462274895305,-0.185858251294802
-2.13658863957692,-2.00763496335497
-1.28756943458335,-1.91909565170713
0.376889695245921,-0.874943925536787
-1.51726027569105,-2.3250012731497
1.15473187398019,-0.944885581302975
4.81930256892883,-1.72793679591457
-1.16942884915272,-1.7739668140412
2.74677168087884,-0.649330619797392
-2.20965919539498,0.98651845526137
0.368068183954729,-2.59955013981477
-0.473389645074436,0.0271384471686855
1.66945158437429,-0.575257776477623
6.83013450344531,-2.5541413537279
-0.89781601106935,0.121536724452995
0.402306029234531,3.33624364089188
1.60721234238925,1.03231534526311
-1.15533703087939,-1.55031308470985
1.00132922934114,-0.976083436345673
2.71438234644975,-0.117929694866555
1.60059215656248,-3.44685714198932
-1.68302589760927,3.59462453806071
0.400813355077666,-1.05960229515085
0.648260232123971,0.0738488630543327
0.0532657576591242,-0.871612648381332
-2.87949156365506,-2.21609533097483
0.039245879507617,2.97254693427911
1.40687900122903,-0.580784719099001
-1.77437966561822,-1.9268887565224
0.237673478352709,-0.0568901300078666
-0.186560396106551,-0.506135400839076
-0.377276031760702,0.360201676562291
-1.7100603283475,-1.36193439301363
-1.06936396488613,-1.24118552224214
-0.2470872462523,-0.963116152759082
-1.35706868951303,-2.05969108820768
0.611271260462535,-1.18508862145844
6.53205472561698,-1.64625602335074
-1.03184173470341,-1.44061596589337
4.6560696231369,-1.55270485733327
0.112904078116057,-0.966119876537238
0.183793004338646,-0.0648766826850877
-0.784529330218558,-2.06016891988516
1.94475739922011,-1.82367284809852
1.43561566626192,-0.942292417749756
0.870367569595063,0.324756534761321
1.78388248175091,-0.494822500172789
-4.57619561762182,-2.26668378399284
4.17407776914918,-2.0923358911379
0.141343347614949,-0.218445429154036
4.35247133793825,-1.18491077159565
-0.580656138197644,-1.62180308743199
3.50189491889803,-0.663365214459458
2.02406597652096,-0.60150574366675
-1.87044540278431,-2.50071870193251
-0.972102260149458,-0.218811843272254
1.45046472073177,-0.861484034127785
-0.504005427626738,0.123107164845504
0.715538494400882,-1.08015550694088
-0.118696032957609,-0.87291808842994
-1.51637977072629,-2.57248292210812
1.05265557252968,-1.62872034762865
-1.55487933570321,-2.19819304313241
-2.44507666918157,-0.282108061354159
-1.23146996561973,-0.701347687888334
-2.79213173928801,-0.838419740878492
-1.08149569456381,-0.794603287296898
-0.0224541440175403,-1.08689953491511
-1.11903159129684,-1.38956167615833
-2.2175362669375,-1.76022007435138
7.04333017986583,-1.90797683714189
1.22956250960703,-0.107120011946142
0.822471111236611,1.52762533305461
-0.127562149939636,0.186955084170201
-0.783664615759165,1.1465846444707
-1.04599448651249,-1.58252332565732
-2.12779325093468,-2.60268722048723
3.59469789713869,-1.66263321702959
-3.27032653962656,-2.06314512427641
0.478011190750707,-1.46028555816427
-0.829086782458828,-0.497785652821509
-1.21320928876645,-1.0140061973945
3.65381918833484,-0.872543836259821
1.21903982778418,-0.24535591431717
1.60773063228292,-0.52290986738529
0.024770933696959,2.13833914109424
0.0854490152247568,-0.337553234641683
1.13797676068965,3.87952680830081
-2.37580817801006,-1.54456881013222
0.211825622246576,2.12571060484549
1.01907824347667,-1.02552394892425
0.758505268963011,-0.5023680995162
1.61254244061732,-0.0173099962297911
1.416625224336,1.5919862272307
-0.340483331494318,-2.36949083067941
